{"global_step": 9984000, "_timestamp": 1711242101.6985393, "_runtime": 263574.7050881386, "_step": 38483, "charts/episodic_return": -100.23236083984375, "charts/episodic_length": 1.0, "charts/learning_rate": 9.61538489718805e-07, "losses/value_loss": 13.294624328613281, "losses/policy_loss": -0.0021981040481477976, "losses/entropy": 11.383185386657715, "losses/old_approx_kl": 0.0022939902264624834, "losses/approx_kl": 0.0015161760384216905, "losses/clipfrac": 0.0009781250264495611, "losses/explained_variance": 0.509719729423523, "charts/SPS": 37.0, "_wandb": {"runtime": 263574}}