{"global_step": 6460160, "_timestamp": 1711620090.0908778, "_runtime": 140407.77357673645, "_step": 27600, "charts/episodic_return": -80.81029510498047, "charts/episodic_length": 802.0, "charts/learning_rate": 0.00010769230721052736, "losses/value_loss": 11.787396430969238, "losses/policy_loss": -0.018265921622514725, "losses/entropy": 10.0794677734375, "losses/old_approx_kl": 0.01594831980764866, "losses/approx_kl": 0.011730088852345943, "losses/clipfrac": 0.09072676301002502, "losses/explained_variance": 0.5742384195327759, "charts/SPS": 46.0}