{"global_step": 9998336, "_timestamp": 1711246036.3767178, "_runtime": 277494.0131268501, "_step": 39520, "charts/episodic_return": -103.27054595947266, "charts/episodic_length": 13.0, "charts/learning_rate": 6.145022268810862e-08, "losses/value_loss": 36.02020263671875, "losses/policy_loss": -0.024688493460416794, "losses/entropy": -16.435409545898438, "losses/old_approx_kl": 0.0008347034454345703, "losses/approx_kl": 0.0005458388477563858, "losses/clipfrac": 0.0003906250058207661, "losses/explained_variance": 0.881969153881073, "charts/SPS": 36.0, "_wandb": {"runtime": 277493}}