{"global_step": 41935, "_timestamp": 1710969641.299545, "_runtime": 1098.935954093933, "_step": 820, "charts/episodic_return": -200.0046844482422, "charts/episodic_length": 118.0, "charts/learning_rate": 0.0002988324558828026, "losses/value_loss": 626.6214599609375, "losses/policy_loss": -0.04252226650714874, "losses/entropy": 5.887751579284668, "losses/old_approx_kl": 0.02101132646203041, "losses/approx_kl": 0.00788806937634945, "losses/clipfrac": 0.078369140625, "losses/explained_variance": 0.0024265646934509277, "charts/SPS": 38.0}